"","fit","lwr","upr"
"1",2938.08896054628,2488.50715176469,3387.67076932787
"2",3454.7376707132,3093.67145816023,3815.80388326617
"3",3756.11608497724,3380.73068565853,4131.50148429595
